"titulo","telefono","correo","pagina","descripcion"
"Instacrops","56978775796","mbustamante@instacrops.com","www.instacrops.cl","La empresa chilena Instacrops se define como un asesor agrícola virtual, que a través del uso de sensores y una potente plataforma de software, entrega recomendaciones a los agricultores, con el fin de prevenir riesgos y aumentar su producción."
"Agrosat","+562 321 09 450","contacto@agrosat.cl","www.agrosat.cl","Empresa especializada en el desarrollo, análisis y mapeo de las principales propiedades y variables biológicas, químicas y físicas que afectan e interactúan en el crecimiento, desarrollo y producción de cultivos."
"Rowsis","+56 45 2405220","enzo.aguero@rowsis.com","www.rowsis.com","Tecnologías que proveen plataformas de software para sectores de salud, negocios y Smart City."
"Austral 3D","+569 9969 9299","francisco@austral3d.com","www.austral3D.com","Esta empresa da soluciones innovadoras asociadas a tecnologías de simulación 3D y realidad virtual en el área de entrenamiento y seguridad laboral."
"Indexa","+56 2 2345 8600","ignacio.bascunan@indexa.cl","www.tecnologiacreativa.cl","Empresa de servicios tecnológicos con desarrollos a la medida en el ámbito de transacciones electrónicas vía Web, principalmente para la industria bancaria y financiera. Cuenta con 132 colaboradores desde hace 20 años y con alrededor de 60 servicios tecnológicos (plataformas web) orientados a esta industria."
"Ki Teknology","+56 2 2321 3105","mlewit@kiteknology","www.kiteknology.com","Compañía con 21 años de trayectoria en la industria TI en Chile, y 8 años exportando servicios. Están catalogados como partner tecnológico de importantes empresas e instituciones del ámbito público y privado, cuyo compromiso apunta a construir en conjunto el éxito de sus clientes, apoyándolos en el campo tecnológico."
"Tecnova Soluciones Informáticas","+569 9949 2616","cristian.ferrer@tecnovags.com","www.tecnovags.com","Con 18 años de experiencia, 170 ingenieros y contando con las certificaciones relevantes de la actividad, Tecnova Soluciones Informáticas se dedica al desarrollo de software a medida, utilizando metodologías ágiles o tradicionales, para realizar con éxito proyectos complejos en diversas industrias como telecomunicaciones, retail y gobierno."
"Linets","56979582269","jpreyest@linets.cl","linets.tech","Compañía que destaca por tener un equipo de expertos preocupados por la continuidad operativa de sus sistemas y ser capaces de implementar y administrar su Cloud privada. Su oferta incluye Cloud Services, IaaS, PaaS y Soporte y monitoreo 24×7 de servidores."
"EXE","+569 9 8857259","fgelcich@exe.cl","www.exe.cl","EXE, empresa chilena dedicada a la producción de nuevas tecnologías, ofrece diversas soluciones como servicios de desarrollo de software, innovación en inteligencia artificial, big data, internet de las cosas (IoT) y experiencia de usuarios (UX). Todo esto, con el fin de enfrentar los desafíos de la industria, tanto nacional como internacional."
"GTMAR","+56 9 81365676","contact@gtmar.com","www.gtmar.com","GTMAR es una empresa de tecnología con interés en múltiples áreas. Fundada en el año 2012 en Santiago, ejecuta diversos proyectos de desarrollo de software a medida (backend/frontend) y desarrollo de prototipos funcionales, además de productos de suscripción (SAAS). La empresa tiene expertise en el desarrollo de plataformas, con foco en inteligencia de datos, sistemas de información geográfica (GIS), procesamiento de Big Data (HTC, map/reduce), procesamiento digital de imágenes y levantamiento, diseño, implementación y automatización de flujos de trabajo."
"Newtenberg","+562 2698 2515","sdocmac@newtenberg.com","www.newtenberg.com","Equipo de 20 profesionales en Chile y Colombia, especializados en la administración y conciliación de grandes colecciones de datos y contenidos, implementación de portales web y la creación de repositorios de datos unificados, específicamente enfocados en el desarrollo de grandes portales de gobierno."
"Mining Tag","+562 2495 7780","contacto@miningtag.cl","www.miningtag.cl","Empresa chilena que desarrolla e implementa soluciones tecnológicas de monitoreo, automatización y optimización para mejorar la seguridad, operación y productividad de sus clientes del área minera."
"Nisum","+562 222079698","mlewit@kiteknology.com","www.nisum.com","Nisum Chile es una empresa internacional con más de 1.300 empleados en 4 países, dedicados a habilitar la transformación digital de empresas líderes, la exportación de servicios de desarrollo de software y la innovación."
"Finvox","56228979456","mariapaula@finvox.com","www.finvox.com","Finvox es una empresa chilena establecida en el año 2012 y que se dedica al desarrollo e implementación de software especializado para la industria financiera. Su mercado consiste en entidades financieras en búsqueda de modernizar y mejorar sus servicios. Actualmente cuenta con oficina en Santiago y personal en Lima. Además, la compañía ha crecido en dos países en los últimos cuatro años con 5 importantes clientes."
"Kauel","+56 9 66097938","contacto@kauel.com","www.kauel.com","Kauel es una compañía focalizada en desarrollos de ingeniería informática y electrónica, para la implementación de software y hardware."
"Tuxpan","56322680906","tuxpan@tuxpan.com","www.tuxpan.com","Sistematizar conversaciones que agreguen valor a sus clientes es el objetivo de Tuxpan, firma chilena que provee productos y servicios ligados a las tecnologías de la información."
"Tuxpan","56322680906","tuxpan@tuxpan.com","www.tuxpan.com","Sistematizar conversaciones que agreguen valor a sus clientes es el objetivo de Tuxpan, firma chilena que provee productos y servicios ligados a las tecnologías de la información."
"Testgroup","562 2607 5708","gestion.comercial@testgroup.cl","www.testgroup.cl","Empresa que provee soluciones innovadoras de QA personalizadas a diversos clientes. Cuenta con más de 16 años de experiencia y posee presencia internacional en Chile, Colombia, El Salvador y Costa Rica."
"Soluciones Orión","562 2640 3900","info@solucionesorion.com","www.solucionesorion.com","Soluciones Orión impulsa la transformación digital en la empresa, asegurando mayor agilidad, eficiencia y competitividad, además de resguardar la seguridad de la información. Cuenta con oficinas en México, Perú, Argentina, Ecuador y Colombia."
"Option","562 2887 3700","foliver@optionit.com","www.option.cl","Equipo de 30 profesionales especializados en el desarrollo de ecosistemas de software para clientes en Latinoamérica, Suecia, Finlandia y España. Cuenta con oficinas en Miami, Estocolmo y Lima."
"ISC","+562 2236 2306","ventas@isc.cl","www.isc.cl","Empresa de tecnologías de la información pionera en el ecosistema de innovación, con más de 20 años de experiencia, ofreciendo soluciones y servicios para la banca, las telecomunicaciones y organismos gubernamentales."
"Tech-K","+56 2 22441121","pgelmi@techk.cl","www.techk.cl","Empresa que se especializa en Business Intelligence como servicio. Procesa y analiza grandes volúmenes de información a través de la tecnología para entregar sus servicios."
"M-risk","+56 2 29 404 100","contacto@m-risk.com","www.m-risk.com","M-risk es líder en el desarrollo de una plataforma tecnológica para la gestión de sustentabilidad y administración de riesgo. Software que administra riesgos operacionales y estratégicos desde una gestión integral en Salud & Seguridad, Medio Ambiente y Comunidades (HSEC) colaborando con la sostenibilidad en los negocios."
"Trencadis Innovación","+562 22331240","contacto@trencadis.cl","www.trencadisinnovacion.com","Consultora de innovación, que ayuda a las empresas a innovar en Chile, Colombia y México."
"OGR","+562 2 23069220","contacto@ogr.cl","www.ogr.cl","Consultora de innovación tecnológica que pretende desarrollar las capacidades de los estudiantes, reduciendo así la brecha social y económica."
"ComparaOnline‎","+562 2 483 9100","contact@comparaonline.com","www.comparaonline.cl","Plataforma web de asesoría financiera."
"Mediastream","+56 2 2402 9750","contacto@mediastre.am","mediastre.am","Mediastream se fundó en 2007 en Chile con la pasión por transmitir audio y video por internet y gracias a la experiencia lograda en este tiempo la empresa se expandió a Brasil, Colombia y Estados Unidos."
"Wisetrack","+562 23893000","info@wisetrack.cl","www.wisetrack.cl","Wisetrack nace en el año 2005 para ofrecer servicios tecnológicos especializados y soluciones de gestión y control de flota, consolidando una propuesta de valor agregado."
"Mi Telemetría","+562 24957727","info@savtec.cl","www.mitelemetria.cl","Empresa dedicada al desarrollo de tecnologías para el mundo agrícola, marítimo y energético."
"Agile Ingeniería y Consultoría Ltda.","+562 22134014","contacto@agile.cl","www.agile.com","Oracle adquirió a Agile, un proveedor líder de soluciones de software de administración del ciclo de vida del producto (PLM). Las soluciones PLM de Agile impulsan la innovación del producto y el proceso de introducción en una variedad de industrias, incluidas las de alta tecnología, ciencias de la vida, fabricación industrial y productos envasados para el consumidor."
"Adistec Chile Spa","+56 2 27565801","chile@adistec.com","www.adistec.com","Desarrollador de Seguridad y Datacenter, que tiene un portafolio sólido, integral y con marcas líderes en el mercado. Brinda valor mediante un equipo de ingeniería altamente reconocido en la industria."
"Adexus","+56 2 2686 1000","marketing@adexus.cl","www.adexus.cl","Empresa con más de 25 años de experiencia en Chile, dedicada al Outsourcing de procesos de negocios, tecnologías de la información, comunicaciones y aplicaciones, capaces de desarrollar e implementar exitosamente soluciones que agregan valor a los procesos de negocios de sus clientes."
"Adexus","+56 2 2686 1000","marketing@adexus.cl","www.adexus.cl","Empresa con más de 25 años de experiencia en Chile, dedicada al Outsourcing de procesos de negocios, tecnologías de la información, comunicaciones y aplicaciones, capaces de desarrollar e implementar exitosamente soluciones que agregan valor a los procesos de negocios de sus clientes."
"Acepta","+562 24968100","facturaelectronica@acepta.com","www.acepta.com","Lidera el mercado de emisión de certificados de firma electrónica, factura electrónica, documentos electrónicos y biometría, aplicada a procesos de negocio, explorando además el mercado internacional."
"TOC Biometrics","+56 2 2946 5752","contacto@toc.cl","www.toc.cl","Fundada en 2010, TOC S.A. es una empresa especializada en el desarrollo de tecnologías de verificación de identidad y aplicaciones derivadas de la teconología biométrica."
"Quaos","+56 2 3223 9320","info@quaos.cl","www.quaos.cl","Oficina de servicios profesionales independiente especializada en la aplicación de Data Science para resolver problemas financieros reales de alta complejidad, todo con el apoyo de tecnología propietaria de análisis y modelamientos avanzados referida bajo el nombre de AyMA®."
"Tinkit","+562 24068600","contacto@tinkit.co","tinkit.co","Software de referidos o recomendaciones para incrementar ventas. Plataforma SaaS de incremento de ventas a través del marketing de referidos. Medición del ROI con analíticas de “referrals” con la digitalización del marketing de “boca a boca”."
"Ceptinel Risk Manager","contacto@ceptinel.com","ceptinel.com","","Sistema que monitorea las actividades de la empresa y notifica cuando se detectan situaciones que requieren revisión en tiempo real. Orientados a Gerencias de Entornos Bursátiles, Operacionales, Riesgo, Compliance y Marketing, basado en la actividad del cliente."
"Sofía Gestión Agrícola","+567 2383402","websofia@reset.cl","www.sofiagestionagricola.cl","Plataforma web de gestión agrícola, amable e intuitiva, que convierte las libretas de anotaciones y planillas de Excel (tarjas), en un sistema integral de registro, administración online y de uso gratuito."
"Smart Clarity","+56 9 7764 7529","contacto@smartclarity.com","www.smartclarity.com","Compañía que desarrolla software de gestión y proyectos de ingeniería eléctrica, relacionados con eficiencia, reducción de pérdidas y control de riesgos."
"DBNeT","+562 25847800","dbnet@dbnetcorp.com","www.dbnet.cl","Fundada hace 24 años en Chile, DBNeT es una empresa de soluciones de tecnología. Con una sólida y exitosa trayectoria,  genera valor a sus clientes y accionistas, en armonía con empleados, proveedores y con la sociedad."
"Team Core","+562 26665551","soporte@teamcore.cl","www.teamcore.cl","Provee un método de trabajo único para que las empresas de consumo masivo aumenten sus ventas, al mismo tiempo generan alta productividad en su gestión de punto de venta. Usando algoritmos de Machine Learning y Big Data, TeamCore moviliza a su equipo comercial utilizando tareas inteligentes ordenadas por valor económico y controlando luego su solución."
"AgendaPro","+569 4271 7566","contacto@agendapro.cl","agendapro.co/cl","Software de gestión para negocios de salud, belleza y deporte."
"Cognitiva Chile SPA","+56 23210 2000","info@cognitiva.la","www.cognitiva.la","Empresa de consultoría de negocios y soluciones de computación cognitiva. A través de una alianza estratégica con IBM, se convirtió en la única empresa responsable de comercializar Watson en español."
"Coasin Chile S.A.","+562 2410 8000","contacto@coasin.cl","www.coasin.cl","Empresa líder capaz de integrar soluciones tecnológicas de alto valor agregado y prestar servicios TIC en modalidad outsourcing, de manera integral y verticalizada a todas las industrias."
"ITQ Latam","+562 2350 9300","contacto@itqlatam.com","www.itqlatam.com","Empresa de integración de tecnologías independientes que trabaja y ofrece las mejores tecnologías y soluciones a sus clientes, asumiendo la responsabilidad integral en cada uno de sus proyectos y servicios, entregando servicios de alta calidad. Todos sus proyectos, servicios y procesos están diseñados con un enfoque en la calidad y en la satisfacción de los clientes, basados en metodologías de trabajo y mejores prácticas como ISO:9001 e ITIL."
"Sociedad de Computación Datasoft S.A.","+562 28419800","datasoft@datasoft.cl","www.datasoft.cl","Comienza sus operaciones en 1989, focalizándose en soluciones de seguridad en el ámbito TI, como respuesta a la preocupación de las empresas por adoptar medidas que les permitan resguardar sus plataformas tecnológicas y sus sistemas de información."
"Integradores de Tecnología y Sistemas S.A.","+56 2 2713 3600","contacto@intesis.cl","www.intesis.cl","Empresa chilena de Integración, Consultoría y Servicios de TI, con más de 10 años de experiencia en el mercado nacional. Cuenta con un equipo de 130 personas, mayoritariamente profesionales de ingeniería y técnicos con comprobada experiencia y certificaciones en las distintas especialidades de TI."
"Desis Ltda.","+562 29472800","desis@desis.cl","www.desis.cl","Está enfocada en desarrollar, adaptar y transferir tecnologías de información y de gestión para dar solución a problemas específicos, con el objeto de potenciar a las organizaciones insertas en este mercado, entendiendo y asumiendo la importancia de obtener beneficios económicos y humanos a través de la implementación de tecnologías en sus procesos tradicionales."
"Latinshare","+56 2 28864539","contacto@latinshare.com","latinshare.com","Consultora latinoamericana especializada en tecnologías de la información. Cuenta con un grupo de reconocidos y certificados profesionales, con una amplia experiencia implementando soluciones tecnológicas sobre SharePoint, Project Server, Office 365, SQL Server, Exchange, Yammer, Microsoft Azure y System Center, entre otras tecnologías Microsoft."
"Dell Computer de Chile Ltda.","+562 2685 6800","dell@dell.com","www.dell.com","Desarrolla, fabrica, vende y da soporte a computadoras personales, servidores, switches de red, programas informáticos, periféricos y otros productos relacionados con la tecnología."
"ITQ Latam","+562 2350 9300","contacto@itqlatam.com","www.itqlatam.com","Empresa de integración de tecnologías independientes que trabaja y ofrece las mejores tecnologías y soluciones a sus clientes, asumiendo la responsabilidad integral en cada uno de sus proyectos y servicios, entregando servicios de alta calidad. Todos sus proyectos, servicios y procesos están diseñados con un enfoque en la calidad y en la satisfacción de los clientes, basados en metodologías de trabajo y mejores prácticas como ISO:9001 e ITIL."
"Sociedad de Computación Datasoft S.A.","+562 28419800","datasoft@datasoft.cl","www.datasoft.cl","Comienza sus operaciones en 1989, focalizándose en soluciones de seguridad en el ámbito TI, como respuesta a la preocupación de las empresas por adoptar medidas que les permitan resguardar sus plataformas tecnológicas y sus sistemas de información."
"Integradores de Tecnología y Sistemas S.A.","+56 2 2713 3600","contacto@intesis.cl","www.intesis.cl","Empresa chilena de Integración, Consultoría y Servicios de TI, con más de 10 años de experiencia en el mercado nacional. Cuenta con un equipo de 130 personas, mayoritariamente profesionales de ingeniería y técnicos con comprobada experiencia y certificaciones en las distintas especialidades de TI."
"Intersystems Chile Ltda.","+562 2892 6000","support@intersystems.com","www.intersystems.com/cl","Compañía desarrolladora de software, bases de datos y aplicaciones."
"BNovus","+562 2599 7199","contacto@intercapit.com","www.bnovus.cl","Gestiona el talento de su organización a través de un software basado en estándares internacionales, donde el cruce de elementos tecnológicos, administrativos y técnicas de juego (Gamification), constituyen una solución real para recursos humanos y la empresa en general."
"Intel Tecnología Chile S.A.","+562 25827100","contacto@intelchile.com","www.intel.com","Fabricante de procesadores y soluciones tecnológicas."
"Universidad Tecnológica de Chile Inacap","+562 800 20 25 20","informaciones@inacap.cl","www.inacap.com","Inacap es un Sistema Integrado de Educación Superior, constituido por la Universidad Tecnológica de Chile Inacap, el Instituto Profesional Inacap y el Centro de Formación Técnica Inacap, que comparten una misión y valores institucionales. El Sistema Integrado de Educación Superior Inacap y su Organismo Técnico de Capacitación Inacap están presentes, a través de sus 26 sedes, a lo largo de Chile."
"Bsale","+56 2 2 2584 7206","ayuda@bsale.app","www.bsale.cl","Empresa que ofrece herramientas dirigidas a simplificar la administración del negocio de sus clientes."
"IBM de Chile S.A.C.","+562 2200 6000","bkrause@cl.ibm.com","www.ibm.com/cl-es","Fabrica y comercializa hardware y software para computadoras. Además ofrece servicios de infraestructura, alojamiento de Internet, y consultoría en una amplia gama de áreas relacionadas con la informática, desde computadoras centrales hasta nanotecnología."
"Hiway S.A.","+56 2 29407500","info@hiway.cl","www.hiway.cl","Empresa experta en soluciones de Tecnologías de Información y Comunicaciones. Como Partner Premier de Cisco, lleva más de 11 años entregando sus servicios al mercado latinoamericano."
"Infox","+562 32 328 8954","epc@infox.cl","www.infox.cl","Infox es una empresa de Hexa Informática Ltda., con 32 años de experiencia en el diseño, desarrollo, operación y mantención de grandes proyectos informáticos."
"GS1","+562 2 3278 3500","info@gs1chile.org","www.gs1chile.org","Es una organización mundial, que opera en más de 150 países, dedicada al desarrollo de estándares globales para la identificación de productos y servicios."
"Microsoft Chile S.A.","+562 2 3306000","contact@microsoft.com","www.microsoft.com/es-cl/","Fundada en 1975, Microsoft es el líder mundial en software, servicios, dispositivos y soluciones que ayudan a las personas y las empresas a desarrollar todo su potencial."
"Magnacom Chile S.A.","+56 2 2430 1515","contacto@magnacom.cl","www.magnacom.cl","Compañía enfocada en mejorar la posición competitiva de  sus clientes mediante la asesoría, diseño, desarrollo e implementación de plataformas de software, herramientas y aplicaciones informáticas adaptadas eficientemente a sus requerimientos específicos."
"Level 3 Chile S.A.","+562 24225900","info-chile@level3.com","www.level3.com","Es un proveedor líder en servicios de comunicación global, y crea soluciones que fortalecen el crecimiento, la eficacia y la seguridad de las empresas de todo el mundo."
"Morpho S.A.","+56 2 29238200","info@morpho.com","www.morpho.com","Con una combinación de actividades complementarias que abordan las necesidades específicas de cinco industrias principales (Servicios financieros, Telecomunicaciones, Identidad, Seguridad e IoT), OT-Morpho tiene una amplia presencia global y una experiencia tecnológica única en las áreas de Biometría, Autenticación, Seguridad digital, Datos y análisis de video."
"Safesigner SPA","+562 2 2474691","contacto@orand.cl","safesigner.com","Safesigner permite realizar cualquier tipo de operación financiera con el móvil de forma cómoda y segura, sin necesidad de utilizar tarjetas, tokens, o medios de seguridad complementarios."
"Safehis SPA","+562 22474691","contacto@safehis.com","www.safehis.com","Sus soluciones están enfocadas a apoyar la inteligencia de los procesos clínicos y han sido desarrolladas con el aporte de destacados profesionales del sector salud, con el objetivo de obtener altos impactos positivos en seguridad, calidad, eficiencia, ahorro, control y gestión de procesos."
"Red Universitaria Nacional","+562 2337 0300","Info@reuna.cl","www.reuna.cl","Es una corporación integrada por universidades, centros de investigación de excelencia y grupos astronómicos internacionales. Es la Red Nacional para Investigación y Educación Chilena (NREN por su sigla en inglés), y actualmente, está conformada por 34 instituciones."
"Red Hat Chile Limitada","+562 25977000","press@redhat.com","www.redhat.com/en/global/chile","Proveedor líder mundial de soluciones de open source."
"Rayen Salud SPA","+56 2 2588 8800","contacto@rayensalud.com","www.rayensalud.com","Es una empresa chilena innovadora de Servicios TI en Salud, con amplia experiencia en la incorporación de herramientas colaborativas e implementación de Ficha Clínica Electrónica para la gestión sanitaria, aportando en la mejora constante de la eficiencia y continuidad operacional de la estrategia digital en el sector salud, con un impacto concreto en la vida de las personas."
"Provectis S.A.","+562 24315900","info@provectis.cl","www.provectis.cl","Compañía especializada en el desarrollo e implementación de soluciones y servicios de misión crítica integrales para centros de datos. Combina la experiencia y profesionalismo de su equipo de ingenieros, arquitectos de especialidad y consultores y el sólido portafolio de productos y servicios de sus partners estratégicos tales como IBM, Hitachi, Veritas/Symantec, HP, Sumeru Solutions, Microsoft, EMC2, Vmware, NetGlobalis, Dell y Lenovo."
"Sonda S.A.","+562 26575000","corporativo@sonda.com","www.sonda.com","Proveedor de soluciones y servicios TI."
"Pontificia Universidad Católica de Chile","+562 23544000","uc@uc.cl","www.uc.cl","Fue fundada el 21 de junio de 1888 por iniciativa del Arzobispo de Santiago, Monseñor Mariano Casanova, con el objetivo de ser una institución que integrara la excelencia académica y una formación inspirada en la doctrina cristiana."
"Soluciones Expertas S.A.","+562 29232900","info@solex.cl","www.solex.cl","Empresa proveedora de soluciones tecnológicas, que implementa desde 1993 sistemas informáticos para la gestión de operaciones de diversas industrias."
"Paperless","+56 2 2589 5400","info@paperlessla.com","www.paperlessla.com/paperless/home/cl/","Empresa dedicada a la generación, procesamiento y administración de documentos electrónicos en Latinoamérica."
"Softgroup","2 24692055","jocqueteau@softgroup.cl","www.softgroup.cl","It provides technological development, software, outsourcing and consultancy services."
"Optimisa S.A.","+562 2335 8241","info@optimisa.cl","www.optimisa.cl","Cuenta con más de 31 años de experiencia, entregando servicios de integración, migración, mantenimiento, soporte, desarrollo y configuración en soluciones para medios de pago, en plataformas tales como: ON/2|BASE24|BASE24-eps. Tiene experiencia en redes y bancos en Latinoamérica."
"SOAInt Gestión S.A.","+562 26327701","contacto@soaint.com","soaint.com","Nació como una empresa consultora especializada en los nuevos estándares BPM, SOA, Seguridad, ECM y Modernización, sin embargo la evolución de estos conceptos como parte del nuevo modelo de arquitectura IT de las empresas, provocó una transformación en SOAInt para convertirse en una de las firmas líderes en el ámbito de transformación de arquitectura TI a nivel de Europa, Medio Oriente y Latinoamérica."
"Nubox SPA","+562 2 478 5000","contacto@nubox.com","www.nubox.com","Nació en 2001 en Santiago, Chile. En un principio se transformó en Servipyme, una filial del Banco del Desarrollo, siendo una de las primeras empresas en Chile en ofrecer software administrativo a través de la web y completamente online. Hoy es una compañía que brinda servicios de software de contabilidad, remuneraciones y de factura electrónica para contadores, pequeñas y medianas empresas."
"Seidor","+562 26564100","comunicacion@seidor.es","www.seidor.cl","Multinacional española del sector tecnológico que ofrece servicios y soluciones integrales en el ámbito de la consultoría de software y servicios informáticos. Su amplio portafolio cubre: consultoría, servicios de infraestructura, implantación, desarrollo y mantenimiento de aplicaciones y servicios de outsourcing."
"Novared Chile S.A.","+562 2499 9000","infochile@novared.net","www.novared.net","Fue fundada en Santiago de Chile a comienzos de 1995, respondiendo a los desafíos que las nuevas tecnologías relacionadas a internet estaban planteando en el mercado. Actualmente, con 18 años de existencia, la empresa se consagra en brindar soluciones integrales a sus clientes en el área tecnológica."
"Segacy SPA","+56 2 2431 5308","info@segacy.com","www.segacy.com","Empresa de consultoría de gestión dedicada al mejoramiento del rendimiento de TI, con enfoque regional en Latinoamérica."
"WOM","+562 23377600","julian.garate.p@wom.cl","www.wom.cl","WOM nace a partir de la compra de Nextel por parte de Novator, un fondo de inversiones internacional a comienzos de 2015. La compañía de telefonía celular y banda ancha móvil está liderada por el CEO Chris Bannister, quien cuenta con una gran experiencia en la industria."
"Security Advisor Chile SPA","+562 22640322","infocl@sadvisor.com","www.sadvisor.com/cl/","Empresa con foco exclusivo en soluciones de Seguridad de la Información, presente en la región desde 2000. Desde sus oficinas en Argentina, Chile y Uruguay, atiende una base instalada de más de 200.000 nodos, en más de 800 clientes en 16 países."
"Neosecure S.A.","+56 2 22905900","info@neosecure.com","www.neosecure.com","Compañía de ciberseguridad dedicada a enfrentar las amenazas y proteger los activos y sistemas de las organizaciones."
"SAP Agencia en Chile","+562 24403500","info.chile@sap.com","www.sap.com/latinamerica/index.html","Como líder de mercado en software de aplicaciones para empresas, SAP ayuda a las organizaciones a combatir los efectos de la complejidad, generar nuevas oportunidades para la innovación y el crecimiento, y mantenerse a la delantera de la competencia."
"NCR Chile Ltda.","+562 2687 1000","rossana.malebran@ncr.com","www.ncr.com","Es una TIC especializada en soluciones para la venta al por menor y la industria financiera."
"Samsung Electronics Chile Ltda.","+562 24858500","comunicacion@samsung.com","www.samsung.com/cl/","Desde su fundación en 1969 en Suwon, Corea, Samsung Electronics ha crecido hasta convertirse en una empresa líder en tecnología de la información, con más de 200 subsidiarias en todo el mundo. Entre los productos que ofrece la empresa se encuentran electrodomésticos como televisores, monitores, refrigeradores y lavadoras, al igual que productos de telecomunicación móvil, como smartphones y tablets."
"Microsystem S.A.","+56 2 2460 6400","info@microsystem.cl","www.microsystem.cl","Especialistas en soluciones tecnológicas para la gestión inteligente de la información y procesos de negocio, con el objetivo de incrementar la competitividad y productividad de sus clientes."
"Staff Tecnología y Procesos Eirl","+562 2601 4561","consultores@stafftp.com","www.stafftp.com","Por más de 10 años, han liderado numerosos proyectos de optimización y gestión de servicios TI, mediante la estandarización, monitoreo y mejora continua de procesos tecnológicos y de negocios."
"Synopsys Chile Ltda.","+562 7146800","www.synopsys.com","simone@synopsys.com","La empresa está a la vanguardia de las tecnologías inteligentes y de seguridad, herramientas avanzadas en el ámbito del diseño, la verificación, la integración de IP y las pruebas de seguridad de aplicaciones de chips de silicio."
"SYA Consultores Asociados Chile S.A.","+56 2 2940 1500","marketing@syachile.cl","www.syachile.cl","Fundada en 1989, es una compañía experta en tecnologías de misión crítica y continuidad de negocios, con orientación a proveer soluciones integrales, consultoría y diseños de arquitecturas tecnológicas."
"Switch Comunicaciones Ltda.","+562 22999999","info@switch.cl","www.switch.cl","Empresa chilena que nace en 1988. Proveedora de soluciones tecnológicas para los mercados de medianas y grandes empresas, Switch cuenta con experiencia en el desarrollo de exitosos proyectos tecnológicos en casi toda Latinoamérica.  Cuenta con un equipo humano de expertos en integración de sistemas y redes de comunicación, y una amplia red de partners con las últimas soluciones."
"Stefanini Chile S.A.","+56 2 25988800","stefanini@stefanini.com","stefanini.com/es/","Como una de las mayores multinacionales brasileñas de tecnología y actuando hace casi tres décadas con servicios de tecnologías de la información, la empresa invierte constantemente en innovaciones tecnológicas, con las mejores asociaciones, en adquisiciones de empresas en Brasil y en el extranjero, así como también en la contratación de profesionales altamente competentes."
"Trends Asesorías S.A.","+562 2206 4491","info@trends.cl","www.trends.cl","El grupo de empresas Trends tiene su base en Chile y opera en variados mercados del resto de América. Sus áreas de negocio abarcan distintos productos y servicios relacionados con Outsourcing, Consultoría, Tecnología, Comercio Electrónico y otros, en rubros como Finanzas, Telecomunicaciones, Salud, Educación, Comunicaciones y más."
"Tinet Soluciones Informáticas S.A.","+56 2 2663 6600","contacto@tinet.cl","www.tinet.cl","Empresa de servicios de tecnología digital. Brinda soluciones personalizadas y de alto valor para sus clientes."
"Teradata","+562 28629800","patricio.llaona@teradata.com","www.teradata.com.es","Empresa que ofrece resultados comerciales a través de soluciones tecnológicas en las áreas más importantes: desde la excelencia operativa y la optimización de activos, hasta la experiencia del cliente y la innovación de productos, para financiar la transformación y la mitigación de riesgos."
"Staff Tecnología y Procesos Eirl","+562 2601 4561","consultores@stafftp.com","www.stafftp.com","Por más de 10 años, han liderado numerosos proyectos de optimización y gestión de servicios TI, mediante la estandarización, monitoreo y mejora continua de procesos tecnológicos y de negocios."
"Synopsys Chile Ltda.","+562 7146800","www.synopsys.com","simone@synopsys.com","La empresa está a la vanguardia de las tecnologías inteligentes y de seguridad, herramientas avanzadas en el ámbito del diseño, la verificación, la integración de IP y las pruebas de seguridad de aplicaciones de chips de silicio."
"SYA Consultores Asociados Chile S.A.","+56 2 2940 1500","marketing@syachile.cl","www.syachile.cl","Fundada en 1989, es una compañía experta en tecnologías de misión crítica y continuidad de negocios, con orientación a proveer soluciones integrales, consultoría y diseños de arquitecturas tecnológicas."
"Switch Comunicaciones Ltda.","+562 22999999","info@switch.cl","www.switch.cl","Empresa chilena que nace en 1988. Proveedora de soluciones tecnológicas para los mercados de medianas y grandes empresas, Switch cuenta con experiencia en el desarrollo de exitosos proyectos tecnológicos en casi toda Latinoamérica.  Cuenta con un equipo humano de expertos en integración de sistemas y redes de comunicación, y una amplia red de partners con las últimas soluciones."
"Sistemas Expertos","+562 32024575","jaime.araya@sistemasexpertos.cl","www.sistemasexpertos.cl","Empresa chilena que desarrolla todo en open source. Su foco principal es el ámbito de la salud, tienen sistemas ERP HIS y de apoyo. En la parte de movilidad, cuenta con sistemas de telemonitoreo de pacientes con máquinas que contienen sensores y así poder controlar a distancia a pacientes con enfermedades crónicas."
"MetricArts","+562 29489681","pcofre@metricarts.com","www.metricarts.com","MetricArts ofrece soluciones para ciudades inteligentes basadas en dos focos: Foco Transporte, basado en aplicaciones de Visión Computacional para la detección de evasión en el pago; y Foco Ambiental, basado en sensores IoT para la generación de alertas tempranas ambientales, y descubrimiento de patrones para la mejora de políticas públicas asociadas."
"Xenitt","+56 9512 470 910","contacto@xenitt.cl","http://new.xenitt.cl/","Empresa que apoya a las empresas y ciudades en su proceso de transformación digital, mediante el desarrollo y creación de plataformas web, aplicaciones móviles, dispositivos electrónicos y sensores inteligentes."
"ITSolutions","+562 23610864","info@itsolutions.cl","www.itsolutions.cl","Empresa cuya innovación (DOM Digital), automatiza y digitaliza los procesos de Edificación y Urbanización en la Dirección de Obras Municipales, permitiendo controlar las solicitudes de inicio a cierre del trámite, manteniendo comunicado al vecino, arquitecto o empresa solicitante. Opera 100% en la nube, es muy flexible, se adapta al tamaño del municipio y permite el llenado en línea de los formularios validando que se cumpla la normativa del Ministerio de Vivienda y Urbanismo."
"Comunidad Feliz","+562 3203 0883","david.pena@comunidadfeliz.cl","www.comunidadfeliz.cl","Comunidad Feliz es una empresa proveedora de tecnología para edificios y condominios. En un año y medio han trabajado con la empresa 750 edificios y más de 100.000 copropietarios en Chile."
"Eplanet","+562 26997370","contacto@eplanetchile.com","www.eplanetchile.com","Emprendimiento de la Región de Coquimbo, Chile, que nace el año 2016 como un proyecto de innovación, cuyo objetivo es entregar una herramienta de medición y control del uso de los recursos por parte de las personas e instituciones. Su misión es ser la primera herramienta de gestión, planificación e implementación de las normas de eficiencia energética en la región y el país."
"SOSMart Labs","+569 51372463","anibalmadrid@sosmartlabs.com","www.sosmartlabs.com","Empresa chilena creadora de Soymomo, reloj-GPS-celular que permite a los niños y padres mantenerse en contacto en todo momento, ya que pueden llamar, recibir llamadas y los padres pueden revisar su posición desde la APP gracias al GPS integrado. El dispositivo además cuenta con un botón de pánico que permite solicitar ayuda rápidamente."
"Edifito","+562 29880800","contacto@edifito.com","www.edifito.com","Empresa que desarrolla un software que ayuda a ordenar la gestión de recursos de un edificio o condominio. Genera de manera automática el gasto común y las colillas de cobro individual. También ordena y simplifica el cálculo de remuneraciones y realiza de manera automática la generación de más de 20 tipos de informes de gestión."
"Choapa & Cía Software e Ingeniería Limitada","+569 62715019","contacto@chosei.cl","www.chosei.cl","Empresa de soluciones informáticas enfocada en brindar la mejor atención y cubrir todos los requerimientos de sus clientes, de manera clara, transparente, eficaz y oportuna. La empresa se enfoca en desarrollo software, desarrollo web, posicionamiento SEO y brindar soporte informático personalizado con personal altamente calificado para tales fines."
"Eplanet","+562 26997370","contacto@eplanetchile.com","www.eplanetchile.com","Emprendimiento de la Región de Coquimbo, Chile, que nace el año 2016 como un proyecto de innovación, cuyo objetivo es entregar una herramienta de medición y control del uso de los recursos por parte de las personas e instituciones. Su misión es ser la primera herramienta de gestión, planificación e implementación de las normas de eficiencia energética en la región y el país."
"SOSMart Labs","+569 51372463","anibalmadrid@sosmartlabs.com","www.sosmartlabs.com","Empresa chilena creadora de Soymomo, reloj-GPS-celular que permite a los niños y padres mantenerse en contacto en todo momento, ya que pueden llamar, recibir llamadas y los padres pueden revisar su posición desde la APP gracias al GPS integrado. El dispositivo además cuenta con un botón de pánico que permite solicitar ayuda rápidamente."
"Ediciones del Quijote","+569 79596671","contacto@edicionesdelquijote.cl","edicionesdelquijote.cl","Ediciones Del Quijote nace orientada a los servicios editoriales, tanto en formato impreso como digital, pero siempre con la visión de incorporar la tecnología a las prácticas cotidianas de lectura y aprendizaje de los niños."
"Kys Soluciones Ltda.","+562 24209999","contacto@kys.cl","www.kys.cl","Kys Soluciones Ltda. nace en marzo del 2000, con la finalidad de canalizar la experiencia que su socio fundador había adquirido a través de 20 años de desempeño en las áreas de Sistemas y Operaciones en los principales bancos del país. Por su variedad de recursos técnicos, la empresa ofrece su conocimiento y experiencia en el sistema financiero fundado en el éxito de aplicaciones bajo entornos cliente/servidor y Web."
"Ionix SPA","+562 22641588","contacto@ionix.cl","www.ionix.cl","Ionix es una empresa con presencia regional, fundada en el año 2009, pionera en el desarrollo de soluciones tecnológicas móviles y en el área Fintech. En sus cerca de 8 años de experiencia, Ionix se ha especializado en desarrollar productos móviles para la industria bancaria y financiera latinoamericana."
"Gestran","+562 26882728","mauricio.cisterna@gestran.cl","www.gestran.cl","Empresa chilena con 12 años de experiencia, creando y prestando servicios de inteligencia transaccional para la industria financiera latinoamericana. La compañía la integran profesionales de vasta experiencia en bancos, servicios financieros y servicios tecnológicos."
"Plantsss","info@plantsss.com","www.plantsss.com","","Aplicación chilena ideada para todas las personas interesadas en la naturaleza. Creada por Max Delporte en 2013, Plantsss funciona como una verdadera biblioteca virtual de plantas, que también puede ser descargada gratuitamente en el sistema operativo Android."
"Camponectado","562 32 350 3840","contacto@camponectado.com","http://www.camponectado.com/","Camponectado es una empresa especializada en colocar sensores dependiendo de las necesidades o de lo que quiera medir el cliente. Uno de sus productos es Raíz Artificial Inteligente, un sistema de control y automatización de cultivos en tiempo real."
"Xmartic","+56 32 3433964","contacto@xmartic.com","www.xmartic.com/","Xmartic es una empresa especializada en la administración, gestión, supervisión y diseño de plataformas de monitoreo. Una de sus soluciones es Trackit que permite efectuar estudio del flujo y comportamiento de personas, utilizando información que emiten los smartphones, dispositivos wifi, dispositivos bluetooth y, con esta información, convertida en indicadores y estadísticas, dar apoyo al negocio."
"Biopacific","562 25265228","romina.almasia@biopacific.cl","http://www.biopacific.cl/","La empresa nace en Santiago de Chile el año 2007, con el objetivo de construir una plataforma de desarrollo biotecnológico sustentable y consciente con el medio ambiente."
"Brandbook","+56 2 22484700","bernardita@brandbook.cl","http://www.brandbook.cl/","Agencia que desarrolla marcas diferenciadas, relevantes y consistentes con la fórmula de una expertise integrada, creativa, sorprendente y una estética inspiradora."
"Baobab","+56 9 9679 4845","mariajose@baobabdiseno.cl","http://www.baobabdiseno.com/","Estudio de diseño boutique orientado a crear valor en las necesidades de sus clientes en sus diversas plataformas de comunicación."
"Latincom Telecomunicaciones","+5622 231 71 16","contacto@latincom.cl","latincom.cl/","Entrega servicios y teléfonos satelitales a través de sus representadas Astrium, Inmarsat e Iridium para los mercados marítimo, terrestre y aéreo, suministrando los equipos terminales y el servicio de capacidad satelital en las bandas L, Ku, Ka y X, de tal manera de satisfacer cualquier demanda de parte de sus clientes."
"Zoco","+569 44556568","contacto@zoco.cl","www.zoco.cl/","Zoco es un software online de modalidad “SaaS” (Software As A Service) que ayuda a publicar y administrar un negocio en Mercado Libre."
"Actis","+56 22 907 2461","contacto@actis.cl","www.actis.cl/","Servicios de outsourcing para los diferentes procesos de un proyecto. Cuentan con capital humano para asesorías estratégicas, tácticas y operativas. Desarrollo, construcción e implementación de tecnologías."
"2Brains","+56 2 3273 1300","info@2brains.cl","www.2brains.cl/","Crean soluciones integrales, combinando experiencia de usuario y desarrollo con equipos dedicados cien por ciento a cada área."
"Adevcom Ltda.","+562 270 442 06","contacto@adevcom.cl","www.adevcom.cl/","Expertos en el desarrollo de software a medida y especialistas en el desarrollo de sistemas de información geográficos y soluciones móviles empresariales."
"Canal Cero","+562 3245 2818","contacto@canalcero.cl","canalcero.com/","Compañía especializada en planificación, ejecución y optimización de campañas digitales en diversos formatos y redes. Desarrollo de plataformas web."
"TGI Mobil Systems","+56 24350310","info@tgi.cl","www.tgi.cl/","Empresa de desarrollo de software con más de 16 años en el mercado, especializados en el desarrollo de soluciones móviles para la gestión empresarial."
"Magnet SpA","+562 2695 8770","contacto@magnet.cl","www.magnet.cl/","Digitalización de procesos de negocio para empresas de mediano a gran tamaño."
"4Talent","+56 9 4569 8307","contact@4talent.cl","www.4talent.cl/","Empresa desarrolladora y comercializadora de tecnología para recursos humanos."
"TCIT","+56 9 8545 3340","contact@tcit.cl","www.tcit.cl/","TCIT nace de la necesidad de las empresas con problemas tecnológicos que no podían haber sido resueltos por la oferta disponible en el mercado: desarrolladores independientes con poco profesionalismo y grandes empresas que resultaban demasiado costosas."
"ComparaOnline","+562 2 483 9100","contact@comparaonline.com","www.comparaonline.cl","Plataforma web de asesoría financiera."
"Initt","+569 65882730","me@angelocares.com","initt.xenitt.cl","Initt desarrolla plataformas y sensores para industrias y ciudades inteligentes. Entre los servicios más destacados se encuentra la plataforma en la nube llamada HiveNode que permite conectar diversos sensores para visualizar datos y recibir alertas en tiempo real. Desde el punto de vista del hardware, Initt en alianza con Xelion, ha desarrollado dispositivos que permiten medir variables como ruido, temperatura, humedad, polución, gases y varios otros, los cuales se encuentran validados y empaquetados."
"CAppTime","+56 222718048","rnavarro@capp-time.com","www.capp-time.com/","Equipo de especialistas con larga trayectoria en la industria, con una mirada orientada al cliente, dispuestos a ayudar a las empresas que requieren apoyo en el diseño, desarrollo, mantención y soporte de software y aplicaciones móviles y sistemas, a través de procesos inteligentes de Consultoría Tecnológica."
"Biometrika","+56 2 2402 9772","info@biometrika.cl","www.biometrikalatam.com/","Soluciones tecnológicas para realizar el registro, la verificación e identificación de personas y objetos."
"Asimov","+56 2 2465 2021","contacto@asimov.cl","asimov.cl/","Generación de valor a través del uso de tecnologías avanzadas para conseguir resultados de alto impacto."
"ACL SPA","+56 2 25971710","info@acl.cl","www.acl.cl/","Empresa chilena con más de 25 años en el mercado tecnológico, ofreciendo servicios integrales de Desarrollo de Software, Profesionales TI, Consultorías y Gestión TI."
"Arkano","+56 2 2760 9131","administracionchile@arkanosooft.com","arkano.cl/","Orientada a facilitar a sus clientes la mejora de sus procesos de negocio, entregando conocimiento especializado en tecnologías de la información y creando soluciones a medida para la organización."
"Kibernum","+562 228163500","contacto@kibernum.com","www.kibernum.com","Nace en 1991 como una empresa de desarrollo de software. En 2016, ya contaba con más de 1500 colaboradores, convirtiéndose en una de las comunidades TI más grandes de Chile. La compañía ha ampliado su oferta de servicios: PMO, Arquitectura empresarial y QA."
"Dell EMC Chile S.A.","+5622 3733100","paulina.lopeznoriega@emc.com","www.dellemc.com/es-cl/index.htm","Por medio de productos y servicios innovadores, Dell EMC acelera el viaje al cómputo en la nube, ya que ayuda a los departamentos de TI a almacenar, administrar, proteger y analizar el recurso más valioso de cada empresa, que es la información, de manera más ágil, confiable y rentable. Es así como Dell EMC Chile permite a las empresas y a los proveedores de servicios transformar sus operaciones y ofrecer tecnología de la información como servicio (ITaaS)."
"Datactil","569737814900","roberto.datactil@gmail.com","www.datactil.com","Empresa de asesorías tecnológicas, aplicadas en sistemas de información y reingeniería de procesos a otras compañías."
"Ingeniería y Sistemas Computacionales S.A.","+562 24987777","pcarrasco@insico.cl","www.insico.cl","Empresa de tecnologías de la información e integración de sistemas, especializada en otorgar soluciones informáticas integrales a empresas y organismos del Sector Público, con clientes en gran parte del territorio nacional."
"Motion Displays","+569 83081065","info@motiondisplays.cl","www.motiondisplays.cl/","Empresa conformada por expertos en negocio, en tecnología y en marketing digital. Su tarea es entregar a sus clientes soluciones tecnológicas innovadoras que les permitan mejorar la experiencia de compra, la productividad, reducir los costos de operaciones y aumentar las ventas."
"TESC Sistemas","+56 9 997111519","info@tescsistemas.com","www.tescsistemas.com/#!/-inicio/","TESC Sistemas es una compañía integrada por profesionales con más de 15 años de experiencia en consultoría en tecnologías de la información y en particular, en implementación de soluciones sobre SAP."
"Trebol-IT","+562 23628800","contacto@trebol-it.com","www.trebol-it.com/","Trebol-IT ofrece soluciones informáticas integrales, incorporando mayor creatividad, que agregue valor a los procesos de sus clientes."
"BackSpace","+562 2 246 89 19","contacto@backspace.cl","backspace.cl/","Compañía que desarrolla software y servicios de Business Intelligence (BI); software y servicios de Business Process Management (BPM) e inteligencia empresarial."
"Apiux","+56 2 3244 5005","marketing@api-ux.com","www.api-ux.com/","Consultora de tecnología que combina la expertise de modernas arquitecturas de software, herramientas y procesos con foco en la gestión de información y estándares abiertos."
"Alaya","+56 2 2247 0376","info@alaya.cl","www.alaya.cl/","Empresa que se especializa en desarrollo de software sobre metodología ágil, arquitectura de software, arquitectura empresarial, integración de sistemas y soluciones."
"LemSystem","+562 32 327 5246","contacto@lemsystem.cl","www.lemsystem.com/","LemSystem es una empresa de alta tecnología con amplia experiencia en la implementación de sistemas de monitoreo inalámbrico en tiempo real para la medición de variables críticas."
"Akzio","+562 2633 73 17","contacto@akzio.cl","www.akzio.cl/","Entregan soluciones tecnológicas de calidad que satisfagan y den valor al cliente."
"WiseConn","+56 2 29078586","info@wiseconn.cl","www.wiseconn.cl/","Empresa líder en telemetría web de agua y energía. También desarrollan soluciones en Chile para monitoreo y control de canales, embalses, humedad, suelo, válvulas inalámbricas, etc."
"Opensoft","+56 2 2205 3449","info@opensoft.cl","www.opensoft.cl/","Con 22 años de experiencia, Opensoft es una compañía consolidada en entregar soluciones de negocio basadas en tecnología web."
"Isercon","+562 32 2516744","contacto@isercon.cl","www.isercon.cl/isercon/","Desarrollan proyectos informáticos y de gestión de alta calidad, enfocados a soluciones globalizadas de carácter innovador."
"Rezebra Technologies","+562 3224 7823","ventas@rezebra.com","www.rezebra.cl/site/","Rezebra Technologies es una empresa chilena que se ha especializado por más de 15 años en el desarrollo y operación de soluciones tecnológicas, teniendo su core de negocio en el área de la salud pública y privada."
"Ibermansa","+562 28469472","ibermanchile@ibermansa.cl","www.geelectromedico.com/","Promueven software de gestión para el mantenimiento y control de equipamiento médico."
"Sidekick","+56 9 4344 0447","contacto@sidekick.cl","www.sidekick.cl/","Diseñan y desarrollan experiencias digitales. Se enfocan en e-commerce, sitios web corporativos, desarrollo a medida e integraciones."
"Guadaltel","+56 226 64 62 63","buzon@guadaltel.com","www.guadaltel.com/","En Guadaltel trabajan desde hace más de 25 años en el desarrollo de soluciones tecnológicas que sirvan de impulso de la sociedad de la información."
"Isercon","+562 32 2516744","contacto@isercon.cl","www.isercon.cl/isercon/","Desarrollan proyectos informáticos y de gestión de alta calidad, enfocados a soluciones globalizadas de carácter innovador."
"Rezebra Technologies","+562 3224 7823","ventas@rezebra.com","www.rezebra.cl/site/","Rezebra Technologies es una empresa chilena que se ha especializado por más de 15 años en el desarrollo y operación de soluciones tecnológicas, teniendo su core de negocio en el área de la salud pública y privada."
"Ibermansa","+562 28469472","ibermanchile@ibermansa.cl","www.geelectromedico.com/","Promueven software de gestión para el mantenimiento y control de equipamiento médico."
"Sidekick","+56 9 4344 0447","contacto@sidekick.cl","www.sidekick.cl/","Diseñan y desarrollan experiencias digitales. Se enfocan en e-commerce, sitios web corporativos, desarrollo a medida e integraciones."
"Guadaltel","+56 226 64 62 63","buzon@guadaltel.com","www.guadaltel.com/","En Guadaltel trabajan desde hace más de 25 años en el desarrollo de soluciones tecnológicas que sirvan de impulso de la sociedad de la información."
"Sirantic","+56 2 2692 4407","info@sirantic.cl","www.sirantic.cl/","Empresa joven conformada por profesionales de amplia experiencia en el desarrollo e implementación de sistemas de información para laboratorios clínicos y centros de salud a nivel nacional."
"G-Talent","+562 2763 5900","contacto@g-talent.cl","www.g-talent.cl/","Empresa de servicios de desarrollo de software en todas las plataformas disponibles en el mercado, servicios de soporte de software y hardware, servicios de Outsourcing en el área de TI."
"SoftPatagonia","+56 2 2360 7775","info@softpatagonia.com","www.softpatagonia.com/","En SoftPatagonia se dedican a prestar servicios tecnológicos orientados a Bussiness Intelligence, Factoría de Software Mobile y de Transformación Digital."
"Emergya","+56 22 348 6403","contacto-chile@emergya.com","www.emergya.com/cl","Emergya es una compañía global de servicios de Tecnologías de la Información (TI), especializada en el desarrollo de soluciones software y en la provisión de servicios TI para maximizar la satisfacción del cliente y el usuario."
"Grupo Taisa","+56 2 2726 4100","contacto@grupotaisa.com","www.grupotaisa.com/","Crear los mejores vínculos digitales para entregar la mejor experiencia de usuario y desarrollar el negocio de sus clientes."
"Geosolve","+562 28974879","contacto@geosolve.cl","www.geosolve.cl/","Geosolve se especializa en desarrollos a medida basados en SIG (Sistemas de Información Geográfica) de diversos proveedores de la industria, tales como Google Maps, Intergraph, Autodesk, ESRI, MapInfo, Mapserver etc, en diversos mercados."
"Gear Solutions","+569 77795573","info@gearsolutions.com","www.gearsolutions.cl/","Gear Solutions fue concebida, aplicando el concepto boutique de soluciones informáticas."
"Connectis","+562 29257400","contacto@connectis-gs.cl","www.connectis-chile.com/","Connectis Chile es una compañía líder en consultoría e integración tecnológica perteneciente al grupo Getronics."
"Advise","+562 2 2357057","contacto@advise.cl","www.advise.cl/","Advise es una empresa fundada a comienzos del año 2003. Brinda servicios de desarrollo de software, tanto para proyectos a medida, como para proyectos de mantención y soporte."
"Altiuz","+56 2 2335 2461","hablamos@altiuz.com","altiuz.com/","Multinacional tecnológica de origen chileno, fundada el año 2006, especializada en idear e implementar soluciones de negocios."
"Amisoft","+562 2 6579800","contacto@amisoft.cl","www.amisoft.cl/","Empresa de servicios de tecnología de la información que brinda apoyo constante a los procesos críticos del negocio de sus clientes."
"Grupo Alma","+562 2783 5200","contacto@grupoalma.cl","www.grupoalma.cl/","Especialistas en proveer soluciones en TI a grandes empresas e instituciones. Desde 1994, trabajan con el objetivo de proporcionar una respuesta integral a las necesidades de sus clientes."
"Tisal","+56 2 2913 3800","rpuente@tisal.cl","www.tisal.cl/","Tecnologías de la Información en Salud S.A. (Tisal) es una empresa del área tecnológica, cuyo objetivo es entregar servicios integrales de informática en establecimientos de salud y afines, sean éstos públicos o privados."
"MySolutions","+562 3202 6177","contacto@mysolutions.cl","mysolutions.cl/","MySolutions nace para entregar al mercado soluciones tecnológicas de calidad, a partir de la iniciativa de profesionales con amplia experiencia en diversas áreas de las Tecnologías de la Información y en industrias como telecomunicaciones, transporte, servicios financieros, turismo, banca, retail y otros."
"Grupo Sentte","+56 2 299 321 96","contacto@gruposentte.cl","www.gruposentte.cl/","Empresa de servicios tecnológicos que crea productos innovadores en el mercado, incorporando herramientas y servicios de vanguardia."
"Kuvasz Solutions","+562 2870 7000","contacto@kvz.cl","www.kvz.cl/","Empresa chilena con presencia en el mercado nacional desde el año 2008, dedicada a la implementación de soluciones transaccionales de misión crítica a la medida, que incluye desarrollo de software, monitoreo y soporte con detección temprana de incidentes, consultoría, entre otros."
"Geslim","+562 2714 8757","contacto@geslim.cl","www.geslim.cl/web/","Empresa líder en Chile en recuperación de licencias médicas, con más de 25 años de experiencia que avalan su forma de trabajo inspirado en una constante investigación."
"Decalink Limitada","+562 2716 4769","contacto@decalink.cl","www.decalink.cl/","Decalink Limitada (DLK) es una empresa con 22 años de experiencia en las áreas de Tecnologías de la Información, Automatización de Procesos y Seguridad Industrial."
"Cornershop Technologies Inc.","danito@cornershopapp.com","cornershopapp.com/","","App que hace las compras del supermercado y las lleva al domicilio en una hora."
"S&A Consultores Asociados","+56 2 2940 1500","marketing@syachile.cl","www.syachile.cl/","S&A Consultores Asociados Chile S.A., fundada en 1989, es una compañía experta en tecnologías de misión crítica y continuidad de negocios, con orientación a proveer soluciones integrales, consultoría y diseños de arquitecturas tecnológicas."
"PAD Soluciones","+562 24327500","contacto@pad.cl","www.padsol.com/","Creada en el año 1995, PAD Soluciones es una empresa que provee servicios y productos ligados a las tecnologías de la información (TI), brindando una asistencia integral en el diseño, desarrollo e implementación de soluciones de alto valor."
"PlanOK","+562 24396900","contacto@planok.com","www.planok.com/","Empresa de origen chileno, que desarrolla y vende software como servicios (SaaS) especialista en los sectores Construcción, Inmobiliario y Retail, con presencia comercial en varios países de Latinoamérica."
"Solu4b","+562 2754 4555","contacto@soluforb.com","www.solu4b.com/","Solu4b es una empresa líder en el mundo de la tecnología y la construcción de plataformas empresariales. Crean ecosistemas digitales optimizados."
"TI Chile","+562 25709294","ventas@tichile.cl","www.tichile.cl/","TI Chile es una compañía de Tecnologías de la Información y la Comunicación (TIC) especializada en la prestación de servicios de consultoría, la realización de proyectos en el ámbito de las telecomunicaciones, el desarrollo de aplicaciones y sistemas de información, y la provisión de infraestructura informática."
"Stacks","+562 2333 46 69","cpower@stacks.cl","www.stacks.es/","Empresa del sector TIC especializada en el diseño de soluciones orientadas exclusivamente al sector sanitario."
"Policomp","+562 2444 6400","info@policomp.com","www.policomp.com/","Desde 1994 Policomp está en el mercado de los servicios relacionados con las TI, prestando servicios a diversas empresas en Chile y Latinoamérica."
"Nuwit","+562 2618 42 00","contacto@nuwit.com","www.nuwit.com/","Empresa chilena con más de 10 años de experiencia, innovando en las estrategias de negocio y utilizando tecnologías de información."
"Dimasoft","+562 2205 1018","info@dimasoft.cl","www.dimasoft.cl/scripts/dim/first.mvc?ct=x&dsp=3","Empresa 100% chilena, que inicia sus actividades el año 1992, orientándose al servicio de desarrollo de software en el ámbito comercial, para entregar soluciones a pequeñas y medianas empresas."
"AQuanta","+562 29637200","aquanta@aquanta.cl","aquanta.cl/","AQuanta ha estado presente en la industria de las Tecnologías de Informática por más de 20 años, en una exitosa trayectoria que les ha permitido consolidarse en el mercado."
"CNBrokers Consulting","+562 2881 7658","contacto@cnbrokers.cl","plataformas.tech/cnbrokersTI/","CNBrokers Consulting brinda soluciones integrales de informática a nivel mundial, sobre la base de los servicios y experiencia de CNBrokers Systems Consulting."
"CleanCode","+562 2814 7060","info@cleancode.cl","www.cleancode.cl/","CleanCode cuenta con un equipo integral de ingenieros que pueden resolver la mayoría de los problemas TI. Además, en una segunda línea, apoya a las empresas a vender más y mejor mediante consultoría y apoyo en las ventas y generación de demanda."
"Asicom Group","+562 2599 5014","icastro@asicom.cl","www.asicom.com/","Asicom Group es una empresa fundada hace más de 40 años y desde sus orígenes han sido pioneros en el desarrollo de proyectos de Tecnología de la Información, BPO y Soluciones de Gestión Empresarial, orientados a bancos, instituciones financieras, inmobiliarias, registro público y comunicación."
"Cornershop Technologies Inc.","danito@cornershopapp.com","cornershopapp.com/","","App que hace las compras del supermercado y las lleva al domicilio en una hora."
"S&A Consultores Asociados","+56 2 2940 1500","marketing@syachile.cl","www.syachile.cl/","S&A Consultores Asociados Chile S.A., fundada en 1989, es una compañía experta en tecnologías de misión crítica y continuidad de negocios, con orientación a proveer soluciones integrales, consultoría y diseños de arquitecturas tecnológicas."
"PAD Soluciones","+562 24327500","contacto@pad.cl","www.padsol.com/","Creada en el año 1995, PAD Soluciones es una empresa que provee servicios y productos ligados a las tecnologías de la información (TI), brindando una asistencia integral en el diseño, desarrollo e implementación de soluciones de alto valor."
"PlanOK","+562 24396900","contacto@planok.com","www.planok.com/","Empresa de origen chileno, que desarrolla y vende software como servicios (SaaS) especialista en los sectores Construcción, Inmobiliario y Retail, con presencia comercial en varios países de Latinoamérica."
"Manager","+56 2 2379 7700","comercial@manager.cl","www.manager.cl/","Manager Software S.A es una compañía que apoya el funcionamiento, administración y gestión de las empresas, brindando soluciones tecnológicas que facilitan los procesos críticos de cada organización."
"Laudus","+5622 687 0100","info@laudus.cl","www.laudus.cl/","Laudus ERP es un software de gestión para pymes que se concentra en la facilidad de uso, herramientas de análisis, e integración de nuevas tecnologías, enfocando su funcionalidad desde el punto de vista del gestor o dueño de la empresa."
"Ixopen","+56 99 731 0022","hector.beck@ixopen.cl","www.ixopen.cl/","Grupo de profesionales especializados en soluciones tecnológicas para la Gestión de Información Empresarial – EIM Enterprise Information Management y software de código abierto para la integración de aplicaciones, datos y contenidos no estructurados."
"Huenei","+562 25738572","info@huenei.com","www.huenei.com/index.php/es/home/","Fundada en 1995, es un proveedor de servicios de TI regional. En la actualidad cuenta con más de 250 profesionales con oficinas en Argentina, Chile, México y Estados Unidos."
"DTLNet","+562 2632 6809","contacto@dtlnet.cl","www.dtlnet.cl/","Empresa con más de 16 años de experiencia de trabajo con el Grupo Santander Chile que cuenta con técnicos y profesionales especializados en las ramas de la programación, análisis y diseño de sistemas informáticos."
"Last Call","+562 2202 4490","contacto@lastcall.cl","www.lastcall.cl/","Last Call está conformada por un equipo multidisciplinario de profesionales altamente calificados para ofrecer la mejor solución que sus clientes necesitan en el diseño, recomendación y adquisición de licencias de software por volumen, servicios tecnológicos y soluciones en la nube."